Employee ID,First Name,Last Name,DOB,SSN,State
214,Sarah,Simpson,12/4/85,***-***-8166,FL
15,Samantha,Lara,9/8/93,***-***-7526,CO
411,Stacy,Charles,12/20/57,***-***-8526,PA
166,Michelle,Roy,7/29/78,***-***-3944,MI
39,Joseph,Rogers,3/28/85,***-***-3515,MN
423,Erica,Hines,10/13/75,***-***-6153,NY
192,Zoe,Patel,12/20/67,***-***-0817,WI
162,Matthew,Harvey,1/20/90,***-***-0346,TN
131,Shawn,Davis,7/21/61,***-***-1581,WV
20,April,Baldwin,8/7/61,***-***-2014,MO
246,Vincent,Daniels,1/6/72,***-***-2754,MT
525,Ann,Fields,8/22/60,***-***-7911,IA
392,Jeffrey,Pearson,5/5/79,***-***-2578,IL
474,Heather,Johnson,9/23/89,***-***-0904,GA
478,Melissa,Fletcher,3/14/79,***-***-6881,RI
101,Kimberly,Alvarez,9/4/84,***-***-8680,LA
52,Monica,Jimenez,4/8/88,***-***-1668,ND
182,Steven,Johnson,5/28/62,***-***-7070,NE
637,Sarah,Wood,6/15/72,***-***-6715,FL
510,Jesus,Petersen,3/28/58,***-***-0770,OK
122,Rhonda,Rosales,4/10/63,***-***-0286,AL
294,Nicole,Richardson,9/9/81,***-***-5228,LA
327,Jennifer,Mendez,7/20/77,***-***-1994,OR
145,Sandra,Petty,1/30/81,***-***-7629,NC
565,Michael,Hester,4/13/87,***-***-6836,SD
590,Joseph,Brown,8/28/82,***-***-4744,NH
340,Michelle,Cooper,8/23/93,***-***-2306,WA
176,Barbara,Wise,12/15/91,***-***-7662,IN
63,Carol,Rosales,7/20/84,***-***-4907,NJ
121,Mark,Villa,2/24/69,***-***-2207,MS
70,Russell,Orozco,9/16/73,***-***-5514,MS
446,Michelle,Sanchez,8/21/94,***-***-5222,OK
156,Briana,Ayala,10/31/65,***-***-4542,CT
343,Shane,Roberts,12/14/58,***-***-6030,HI
599,Cassandra,Morris,1/24/73,***-***-3831,MT
102,Krista,Thompson,7/25/84,***-***-7445,KY
377,Jon,Bennett,9/13/57,***-***-1689,NM
240,April,Thomas,12/3/93,***-***-3580,CO
455,Haley,Martinez,1/15/68,***-***-3736,ID
503,Isaac,Stafford,11/25/89,***-***-5036,SD
269,John,Martinez,1/6/87,***-***-3936,NH
219,John,Phillips,12/8/82,***-***-4070,WV
301,Gary,Shelton,9/11/78,***-***-9672,SD
84,Amanda,Gordon,10/12/69,***-***-2966,ME
588,Jessica,Holt,9/12/63,***-***-6084,NE
540,Stephanie,Estes,7/15/66,***-***-9779,SD
329,Jessica,Brown,2/1/92,***-***-7328,MS
74,Donna,Manning,5/19/73,***-***-7781,NM
29,Nicholas,Owens,8/20/91,***-***-7882,VA
92,Wendy,Ryan,5/13/60,***-***-0741,AZ
489,Kimberly,Hooper,9/8/71,***-***-3136,GA
561,Deborah,Gonzalez,5/28/75,***-***-0643,MT
44,Laura,Yoder,4/18/87,***-***-3016,IN
138,Kimberly,Velez,3/7/58,***-***-0707,AZ
623,Kevin,Garcia,5/15/73,***-***-4337,OK
173,Marcia,Jones,11/20/72,***-***-0963,ND
148,Nicole,Baldwin,8/11/78,***-***-5508,NV
184,Katherine,Juarez,2/13/86,***-***-8687,CA
228,Paula,Thompson,9/22/85,***-***-7734,NC
117,Joan,Hoover,2/27/73,***-***-5429,NM
544,Stephen,Simon,11/28/62,***-***-1621,NV
116,Rebecca,Taylor,9/30/62,***-***-9126,MN
622,Lindsay,Owens,4/28/73,***-***-6742,DE
376,Justin,Payne,7/3/83,***-***-7892,AK
100,Michelle,Thornton,1/25/61,***-***-4112,GA
222,Timothy,Hill,8/11/85,***-***-4460,SC
506,Karen,Johnson,1/5/76,***-***-5174,OH
59,Alexis,Mcintosh,3/1/62,***-***-9185,KY
456,Susan,Fitzgerald,9/18/61,***-***-3222,AL
389,Amber,Stewart,8/26/58,***-***-3120,OH
236,Taylor,Evans,7/17/83,***-***-2641,NJ
78,Tracy,Knight,9/27/93,***-***-8339,ID
253,Jason,Parks,2/27/81,***-***-2601,AZ
67,Jonathan,Carroll,6/15/73,***-***-7126,SC
642,Sara,Wallace,6/21/59,***-***-6918,MS
279,Jeffrey,Mitchell,5/23/69,***-***-4559,UT
41,April,West,3/11/86,***-***-9544,DE
30,Ryan,Reynolds,2/5/73,***-***-2883,IN
462,Rachel,Bell,7/24/89,***-***-1379,AL
87,Amber,Williamson,6/20/84,***-***-4567,LA
26,Tony,Park,10/8/68,***-***-7749,UT
553,Robert,Jefferson,10/4/81,***-***-6302,OH
151,Sarah,Hernandez,7/5/87,***-***-5549,WY
523,Margaret,Foley,12/19/68,***-***-4633,CA
434,Tina,Christensen,3/1/88,***-***-0333,TN
1,Isaac,Gomez,10/16/87,***-***-4728,WY
365,Phillip,Davis,4/24/61,***-***-5132,VT
230,Brian,Douglas,9/18/79,***-***-9324,NV
357,Teresa,Wilson,8/12/94,***-***-9378,IN
142,Timothy,Wilson,11/21/93,***-***-1270,WV
606,Lori,Davies,8/21/80,***-***-9489,AK
129,Brittany,Stone,11/21/85,***-***-0950,CO
34,Matthew,Rogers,3/9/74,***-***-2560,CA
190,Francisco,Gardner,8/18/72,***-***-0367,WI
259,Ashley,Patrick,12/6/79,***-***-7953,OR
471,Brandi,Frey,7/23/79,***-***-2997,MD
362,Garrett,Kelley,12/20/74,***-***-1192,PA
620,Robert,Barron,4/19/85,***-***-0735,NE
299,Lee,Serrano,6/19/67,***-***-0867,WV
213,Jessica,Vance,4/30/59,***-***-9076,DE
427,Russell,Ashley,2/15/73,***-***-2395,OH
105,Catherine,Richardson,10/3/89,***-***-2969,WY
260,Sheri,Hamilton,3/12/86,***-***-9319,NH
547,Craig,Strickland,2/27/68,***-***-3498,ND
28,Brandon,Hall,9/30/69,***-***-6416,AK
486,Karla,Adams,11/18/62,***-***-7524,VT
300,Ernest,Washington,7/15/90,***-***-9800,FL
501,John,Owens,5/15/89,***-***-7554,MT
584,Roberto,Farmer,5/4/68,***-***-3936,LA
453,Tom,Bailey,1/24/80,***-***-1663,IA
16,Jennifer,White,1/17/66,***-***-1698,MI
185,Courtney,Mendez,11/25/61,***-***-8268,NE
223,Jasmine,Miller,5/13/71,***-***-2427,MD
290,Amy,Bryan,6/24/69,***-***-2636,CA
71,Melvin,Pruitt,5/6/94,***-***-4970,AK
73,Amanda,Carrillo,10/25/57,***-***-8942,MS
549,Anthony,Nguyen,3/10/87,***-***-6484,ND
359,Kaitlyn,Charles,11/23/65,***-***-7712,NH
631,Rebecca,Pollard,3/17/77,***-***-9010,FL
585,James,Jackson,9/2/87,***-***-8491,ME
641,Gina,Jones,2/5/64,***-***-3596,HI
564,Tyler,Woodward,5/6/83,***-***-7298,KS
149,Hannah,Schultz,12/28/84,***-***-7228,NY
430,Anthony,Sims,4/20/76,***-***-1311,CT
587,Jessica,Wallace,5/2/81,***-***-7152,WI
420,Jonathan,Pearson,1/3/80,***-***-7840,VT
625,Richard,Hunt,9/17/87,***-***-9513,IN
319,Madison,Ballard,3/11/66,***-***-3750,DE
18,Kathryn,Blair,8/7/93,***-***-8028,GA
535,Kristina,Patterson,3/28/58,***-***-5885,CT
417,Kathryn,Bryant,4/9/57,***-***-8017,CO
391,Jerry,Ayala,3/2/82,***-***-9737,WA
274,Karen,Rodriguez,7/30/94,***-***-3813,CT
270,Daniel,Jacobs,4/24/72,***-***-6724,TX
537,Stephanie,Campbell,8/30/68,***-***-3547,TN
341,Michael,Pacheco,4/29/77,***-***-6378,LA
402,Steven,Garcia,4/1/91,***-***-9437,MT
476,Brenda,Hall,7/15/57,***-***-7869,TX
367,Rhonda,Smith,6/27/69,***-***-5595,ME
407,Tracy,Francis,1/26/60,***-***-8950,VT
280,Dawn,Fernandez,4/14/81,***-***-9216,NE
524,Matthew,Wells,8/29/58,***-***-2780,FL
57,Joel,Walker,9/20/79,***-***-6637,FL
312,Paula,Shea,8/15/78,***-***-1746,OH
649,Paul,Bell,5/23/76,***-***-7411,WI
488,Frederick,Roberson,1/2/78,***-***-0114,MI
139,Melissa,Armstrong,3/17/59,***-***-9454,OR
412,Jennifer,Alexander,1/15/69,***-***-9026,AK
5,Cassandra,Perez,9/2/86,***-***-1151,IL
153,Anthony,Austin,12/17/65,***-***-9162,WI
321,Cynthia,Jones,8/11/76,***-***-3428,RI
541,Oscar,Bernard,4/7/90,***-***-5243,IL
406,Amanda,Hendrix,11/19/80,***-***-7721,AR
204,Vincent,Henry,8/22/61,***-***-5624,UT
567,Lauren,Bush,12/19/76,***-***-3299,GA
187,Stacey,Bates,6/17/61,***-***-1470,CA
460,Amanda,Khan,4/16/71,***-***-9388,NE
212,Amanda,Sutton,12/7/73,***-***-2368,AR
617,Joshua,Li,3/20/92,***-***-6050,ID
353,Becky,Kennedy,4/5/87,***-***-4807,MI
383,Laura,Espinoza,9/4/78,***-***-5712,FL
91,Joshua,Murphy,12/31/70,***-***-7318,WI
429,Randall,Bowen,4/11/69,***-***-0666,TX
40,Michelle,Pham,7/31/79,***-***-2595,SC
298,Emily,Thomas,7/10/74,***-***-6906,RI
400,Jessica,Kelley,12/15/76,***-***-4271,KY
480,Jeffrey,Brown,12/23/68,***-***-7392,WA
375,Jennifer,Keith,11/24/90,***-***-2614,AR
626,Joshua,Romero,10/14/79,***-***-4169,NM
97,Frank,Walker,12/13/76,***-***-5611,AZ
291,Cody,Lindsey,1/29/65,***-***-8099,AL
614,Cody,Baker,3/9/79,***-***-5896,VT
552,Jaclyn,Wall,12/13/85,***-***-5336,SD
338,Kaitlyn,Roy,6/15/65,***-***-0939,MN
513,Allison,Lee,4/4/94,***-***-8932,UT
231,Heather,Patterson,6/8/69,***-***-2886,WV
443,Carrie,Thomas,8/8/80,***-***-8236,MA
140,David,Gutierrez,8/14/67,***-***-9234,NE
96,Harold,Robinson,8/20/65,***-***-7098,NM
531,Alex,Graham,11/27/78,***-***-6911,KY
403,Steven,Thompson,1/1/78,***-***-0637,NJ
580,Barbara,Martin,11/11/71,***-***-5120,NE
113,Theresa,Cochran,2/23/76,***-***-2404,IA
289,Michael,Madden,9/5/64,***-***-2946,CO
247,Brian,Chase,5/1/89,***-***-3628,AZ
472,Carolyn,Rodriguez,11/16/62,***-***-2185,RI
582,Breanna,Williams,6/3/94,***-***-8593,NC
265,Anne,Cook,11/11/81,***-***-8560,NY
281,Tara,Bowers,9/22/75,***-***-7048,NY
330,Joyce,Hall,10/10/80,***-***-4819,VA
372,Sydney,George,1/24/59,***-***-8264,FL
628,Lindsay,Williams,9/19/77,***-***-4792,NV
445,Darrell,Thomas,3/14/86,***-***-2653,UT
316,Thomas,Knight,8/7/65,***-***-2441,NJ
499,Carolyn,Diaz,4/20/91,***-***-2117,DE
528,Karen,Ball,4/13/86,***-***-9411,ND
242,Ronald,Richardson,4/20/88,***-***-6742,GA
632,Donna,Williams,9/1/86,***-***-3144,MS
313,Molly,Wright,2/23/91,***-***-7938,WA
89,Jeffrey,Mcintyre,6/2/74,***-***-8359,KS
130,Tabitha,Parks,1/19/75,***-***-8386,IA
3,Melissa,Padilla,12/8/82,***-***-9382,MT
586,George,Harris,11/15/79,***-***-2111,AZ
355,Cheryl,Hancock,9/3/93,***-***-2522,ID
532,Jeffrey,Paul,1/12/72,***-***-0457,MT
326,Wendy,Jones,4/20/79,***-***-4078,NY
225,Elizabeth,Johnson,12/1/81,***-***-8375,AR
191,Charles,Green,5/22/90,***-***-9288,SC
444,Jeffrey,Cooper,12/14/70,***-***-7671,MD
490,Judith,Brooks,1/25/71,***-***-6779,IN
609,Amanda,Ramsey,4/10/71,***-***-2683,SC
47,Stephen,Oliver,12/27/84,***-***-5500,CA
508,Nancy,Rodriguez,2/13/88,***-***-1027,MD
388,Joshua,Powers,5/13/71,***-***-4897,FL
331,Lisa,Stein,2/7/80,***-***-2075,CA
264,Jessica,Martin,8/18/67,***-***-8568,NV
589,George,Hardy,4/17/90,***-***-4162,NM
278,Jonathan,Carney,11/8/90,***-***-0506,CO
526,Carol,Robertson,2/1/59,***-***-6248,IL
205,Susan,Zhang,3/18/83,***-***-5874,CT
199,Christopher,Cameron,8/30/69,***-***-1053,NY
550,Paul,Ramsey,5/14/90,***-***-6565,MD
103,David,Torres,3/26/71,***-***-5176,MS
465,Barbara,Roberts,10/22/93,***-***-9440,KS
348,Nicholas,Dunn,5/22/85,***-***-1196,MD
158,John,Long,10/9/66,***-***-8394,NE
361,Shelby,Porter,1/9/92,***-***-7391,ME
610,Judith,Robinson,8/29/73,***-***-3792,FL
235,Justin,Holt,9/19/69,***-***-2854,WY
442,Laura,Valdez,9/14/88,***-***-2068,IL
215,Jesse,Rosales,12/29/89,***-***-0642,WV
17,Amy,Duran,4/2/92,***-***-5581,MN
363,Joshua,Williams,11/6/76,***-***-1375,IN
438,Robert,Davis,3/28/86,***-***-0776,NE
111,Lisa,Houston,6/27/66,***-***-5946,OH
396,Timothy,Williams,11/27/78,***-***-5842,IL
255,Kim,Finley,3/9/73,***-***-6351,SC
226,Andrew,Lopez,6/11/62,***-***-7248,TN
652,Veronica,Herrera,10/22/58,***-***-4723,IA
64,Bob,Murphy,1/14/82,***-***-8100,SD
415,Timothy,Duncan,9/25/77,***-***-7493,IN
354,David,Sandoval,11/26/85,***-***-6963,WV
517,Tony,Graves,10/19/80,***-***-5360,ID
292,Andrea,Fuller,7/17/81,***-***-0698,WA
579,William,Carney,6/16/74,***-***-3440,WY
181,Daniel,Dominguez,11/15/92,***-***-9595,KY
556,David,Franco,10/30/83,***-***-2451,NY
351,Justin,Ortiz,1/29/61,***-***-6761,AK
405,Sara,Jarvis,7/23/64,***-***-3953,WV
647,Adam,Green,5/9/88,***-***-5674,TN
646,Debra,Flores,4/2/69,***-***-7111,KS
79,Jennifer,Adams,12/4/88,***-***-1210,RI
371,Lori,Sosa,6/14/88,***-***-7062,MI
542,Cory,Mora,3/27/85,***-***-0325,NV
261,Denise,Hughes,9/20/66,***-***-7879,UT
368,Anthony,Jenkins,9/5/57,***-***-0437,MA
439,Leonard,Soto,10/17/86,***-***-1991,NE
82,Donald,Todd,7/16/60,***-***-6930,MI
431,Christopher,Long,8/24/79,***-***-2737,VT
155,Donald,Pierce,2/27/76,***-***-1562,NJ
189,Matthew,Sullivan,2/25/86,***-***-6697,MS
393,Brianna,Stevens,6/11/65,***-***-4666,MT
451,Jacqueline,Villegas,2/13/81,***-***-8948,SC
22,Mary,Diaz,2/18/64,***-***-8701,GA
470,Steven,Taylor,12/1/85,***-***-1803,NH
384,Edward,Jimenez,8/19/80,***-***-1355,KY
7,John,Joseph,1/7/92,***-***-0413,PA
258,Jared,Fletcher,7/16/77,***-***-9304,VT
568,Kathleen,Hill,2/4/70,***-***-3356,NH
56,Johnny,Warner,8/16/65,***-***-4164,NH
621,Frank,Smith,2/8/71,***-***-1100,IL
49,Stephanie,Thompson,3/26/57,***-***-6249,RI
397,Angela,Cannon,9/13/92,***-***-3459,KS
36,Trevor,Robinson,4/26/67,***-***-3462,WV
33,Gregory,Powers,5/19/69,***-***-8879,KS
224,Michael,Sparks,11/3/82,***-***-6809,NC
634,George,Flores,1/31/89,***-***-0195,IA
144,Michael,Hall,1/22/86,***-***-0161,AZ
491,Susan,Williamson,5/27/73,***-***-0355,IN
309,Luis,Norton,5/11/88,***-***-6955,WI
211,Victoria,Pearson,3/7/90,***-***-5518,ND
475,Roger,Nichols,1/13/76,***-***-4515,OR
493,Jenny,Mills,11/10/83,***-***-1434,WI
128,Joshua,Moore,9/30/65,***-***-8369,PA
262,James,Carr,2/25/79,***-***-8546,AL
597,David,Lane,4/21/74,***-***-4614,MN
325,Beth,Reese,4/30/61,***-***-1223,PA
573,Lindsay,Thompson,9/24/86,***-***-1306,KS
55,Amber,Taylor,4/27/82,***-***-6610,NY
132,Oscar,Yates,4/3/77,***-***-0620,IL
401,Anthony,Cooper,6/4/94,***-***-2490,CA
483,Tracie,Harrison,7/1/83,***-***-7833,DE
424,Corey,Herrera,11/8/70,***-***-3228,OR
188,Anthony,Kim,11/4/81,***-***-7043,WY
272,Kendra,Marshall,9/11/67,***-***-2658,IN
545,Debbie,Chang,2/17/93,***-***-8022,PA
193,Miranda,Simmons,3/27/64,***-***-2359,IL
593,Catherine,Murphy,8/11/68,***-***-6401,RI
463,Nicholas,Shelton,6/7/84,***-***-0704,GA
334,Laura,Winters,7/5/69,***-***-4775,GA
596,Jill,Barr,4/7/83,***-***-7889,MN
373,Lauren,Ritter,12/26/70,***-***-7600,KS
635,Anthony,Short,6/7/86,***-***-6004,WY
315,Patrick,Yates,5/7/67,***-***-4036,NC
120,Brett,Mitchell,1/20/76,***-***-8337,WI
110,Andrea,Boone,2/5/83,***-***-1089,CO
68,Charles,Alvarez,2/1/93,***-***-5142,MT
14,Jeff,Garner,12/21/78,***-***-2191,MA
200,Natalie,Williams,6/14/71,***-***-2753,MA
62,Tracy,King,11/17/69,***-***-0822,NC
263,Michael,Huang,2/14/90,***-***-6162,SC
257,Ray,Miller,3/9/68,***-***-5774,CA
61,Tracey,Powers,4/28/76,***-***-5107,WY
107,Alexander,Moore,7/5/92,***-***-4136,HI
322,Lisa,Fisher,1/5/77,***-***-4670,NM
2,Tamara,Gentry,4/3/87,***-***-7430,SC
81,Christopher,Fitzgerald,4/19/92,***-***-7096,MA
337,Jose,Olson,1/20/91,***-***-7256,PA
93,Carrie,Wallace,2/7/66,***-***-8007,GA
366,Crystal,Smith,4/30/91,***-***-6884,NY
287,Caroline,Edwards,10/20/59,***-***-7816,NV
66,Carol,Baker,8/1/59,***-***-8196,OR
243,Alexandra,Ward,12/27/73,***-***-3414,AR
603,Krystal,Townsend,5/15/90,***-***-6839,AZ
277,Melanie,Elliott,6/21/76,***-***-2869,MN
583,Tracey,Barajas,1/9/73,***-***-9722,AR
268,Eric,Barker,12/9/76,***-***-2136,GA
234,Olivia,Elliott,9/15/91,***-***-7631,NM
320,Daniel,Reed,12/24/69,***-***-3333,NJ
461,Roberto,Pierce,7/3/64,***-***-9982,MO
232,Lawrence,Stewart,6/15/87,***-***-1303,MO
13,Michael,Snow,2/17/65,***-***-2820,KS
108,Ashley,Cruz,9/9/73,***-***-3168,MA
216,Jesus,Hobbs,12/10/75,***-***-2648,MS
304,Jody,Riley,1/8/78,***-***-6681,CT
94,Joseph,Scott,11/23/93,***-***-4445,MD
171,Eric,Sullivan,1/5/93,***-***-8141,SC
466,Christopher,Cervantes,11/9/75,***-***-7919,VT
498,Jennifer,Leon,2/3/59,***-***-2413,AR
180,Victor,Fuentes,12/7/57,***-***-5844,WA
9,Christine,Marshall,12/5/72,***-***-6538,AL
170,Amanda,Garcia,12/3/61,***-***-1013,NJ
172,Nancy,Holloway,3/13/83,***-***-4965,AK
46,Kimberly,Banks,7/3/90,***-***-7861,AZ
576,Laura,King,6/4/71,***-***-5040,AZ
11,Robert,Mendoza,4/23/82,***-***-0627,IA
80,Jessica,Black,12/11/81,***-***-6296,KY
77,Cynthia,Duffy,7/8/90,***-***-0500,NC
555,Aaron,Henry,10/15/78,***-***-3379,MI
95,Autumn,Peterson,1/2/65,***-***-9763,OK
595,Danielle,Murphy,8/15/63,***-***-0413,TX
543,Deborah,Hoffman,10/20/86,***-***-9690,MT
227,Kathy,Palmer,7/19/72,***-***-3934,AR
572,Tim,Smith,4/22/67,***-***-8047,NC
387,Renee,Campbell,11/9/70,***-***-2594,MO
380,Bryan,Mcdaniel,4/19/59,***-***-4659,FL
203,Rhonda,Flores,12/13/74,***-***-3754,WV
636,Jonathan,Wright,6/17/63,***-***-8490,MO
256,Sydney,King,1/12/77,***-***-5923,FL
85,Janet,Gonzales,12/8/72,***-***-0243,UT
520,Steve,Russell,8/19/78,***-***-9820,WA
233,Craig,Pennington,12/25/57,***-***-8248,ND
410,Andrew,Thomas,4/11/63,***-***-7838,MA
485,Miguel,Woods,6/10/92,***-***-1852,ME
630,Samuel,Anderson,3/2/69,***-***-9480,SC
295,Cynthia,Clarke,5/29/62,***-***-8148,MA
487,Adam,Mcgrath,6/20/60,***-***-3185,AK
616,Courtney,Oconnell,4/3/84,***-***-3672,SD
435,Brandon,Hudson,8/7/66,***-***-4780,IL
349,Rachel,Lewis,2/6/85,***-***-5213,GA
557,Manuel,Rodriguez,3/7/81,***-***-0042,WA
425,Gregory,Wilkinson,8/23/84,***-***-6395,NC
273,Donna,Lopez,8/3/62,***-***-6360,NH
69,David,Scott,3/10/92,***-***-0749,MS
571,Gregory,Maxwell,11/21/77,***-***-7057,NV
169,Daniel,Wilkins,9/24/75,***-***-4870,MS
495,Jonathan,Henry,6/8/89,***-***-2026,MT
350,Heather,Shepherd,9/17/84,***-***-2527,WA
395,Cindy,Munoz,10/30/86,***-***-0435,NH
75,Dalton,Bowman,12/24/77,***-***-8792,ME
244,Jon,Clark,6/18/67,***-***-8771,TN
509,Amber,Meyer,9/4/83,***-***-5604,LA
339,Steven,Madden,6/18/72,***-***-9767,IN
534,Victoria,Lewis,1/4/71,***-***-6283,WA
419,Karl,Dudley,12/14/74,***-***-6649,TX
386,Alicia,Stone,12/24/66,***-***-8324,CO
328,Max,Mckay,8/17/60,***-***-4918,SC
612,Richard,Brown,6/30/79,***-***-0117,MT
502,Heather,Case,12/22/71,***-***-1698,AR
390,Amy,Gonzalez,10/12/65,***-***-2150,UT
404,Brandon,Armstrong,12/12/73,***-***-5658,AZ
159,Terrance,Ewing,1/15/81,***-***-5340,VA
115,Jessica,Boyd,4/27/60,***-***-9784,VA
422,Corey,Taylor,3/9/66,***-***-4578,MS
250,Frank,Blankenship,11/17/58,***-***-3591,MS
638,Monica,Montgomery,10/14/75,***-***-3158,MS
414,Tammy,Patrick,9/7/61,***-***-7381,NM
127,Corey,Sawyer,8/13/82,***-***-9114,DE
440,Linda,Anthony,1/23/94,***-***-7298,SD
594,Travis,Patrick,10/12/67,***-***-7968,TN
114,Linda,Davis,8/8/75,***-***-0620,CT
109,Anthony,Adams,2/9/62,***-***-1396,VT
515,Christopher,Johnson,11/3/59,***-***-5547,CT
31,Tracy,Austin,8/6/80,***-***-1904,RI
605,Matthew,Woodward,3/26/78,***-***-6667,ID
421,Donna,Cole,1/19/73,***-***-3401,NY
536,Alexis,Allen,8/11/63,***-***-6449,TN
267,Stephen,Parker,3/18/67,***-***-9288,CO
210,Nicole,Johnson,5/1/63,***-***-0265,PA
560,Daniel,Green,6/16/76,***-***-7915,AK
302,Dylan,Adams,4/16/66,***-***-4597,CO
640,Jason,Davis,6/6/70,***-***-5627,LA
449,Jennifer,Conrad,10/8/73,***-***-2874,WY
202,Stephen,Dawson,6/30/85,***-***-5741,AZ
168,Douglas,Smith,4/7/81,***-***-9028,MA
119,Diane,Gray,10/26/68,***-***-1654,HI
613,Benjamin,Gordon,7/26/74,***-***-3940,CO
473,Stephanie,Miller,9/8/83,***-***-8885,LA
615,Lynn,Stout,9/17/73,***-***-6531,ME
10,Malik,Scott,2/2/58,***-***-4261,ID
86,David,Brown,7/28/73,***-***-5706,OK
500,Nathan,Jenkins,1/11/68,***-***-6468,WI
38,Maria,Bryant,7/17/70,***-***-3505,MA
633,Michael,Griffin,9/15/63,***-***-4120,WA
530,Nathan,Smith,4/17/79,***-***-9334,CA
177,James,Jackson,6/1/58,***-***-4595,CA
266,Erika,Jones,2/2/77,***-***-1552,AL
4,Stephanie,Leon,4/6/67,***-***-0580,DE
12,Anthony,Walker,12/25/69,***-***-5284,RI
477,Richard,Brooks,10/17/62,***-***-5295,KY
575,Matthew,Bishop,6/10/73,***-***-9588,NJ
37,Anthony,Thompson,10/4/90,***-***-1051,MA
360,Justin,Garcia,9/21/61,***-***-6120,NC
134,Miguel,Garcia,12/21/64,***-***-5477,OH
416,Jeffrey,Randolph,9/24/76,***-***-2699,IN
45,Raymond,Tran,4/9/57,***-***-8575,FL
441,Brandon,Webb,9/10/66,***-***-8353,UT
323,Brandon,Petersen,7/6/82,***-***-1657,TN
58,Bryce,Ball,7/3/94,***-***-1674,AZ
639,Blake,Watkins,2/25/73,***-***-0572,NC
484,Gregory,Morales,8/21/60,***-***-5605,CO
50,Alyssa,Wall,8/24/64,***-***-2643,WA
533,Cynthia,Garcia,11/11/60,***-***-2024,ID
611,Amber,Williams,12/3/69,***-***-7515,NM
563,Steve,Stark,7/2/57,***-***-7390,MI
562,Charles,Baird,2/29/68,***-***-2710,FL
559,Mackenzie,Hall,2/28/90,***-***-6862,AL
481,Aaron,King,5/29/64,***-***-8792,SD
195,Joshua,Perez,2/8/84,***-***-1226,GA
186,Alexander,Valdez,10/24/75,***-***-7833,ND
160,Ashley,Santos,6/18/83,***-***-4884,AL
143,Joshua,Stephens,4/11/88,***-***-9528,VT
492,Steven,Long,8/18/94,***-***-4594,TX
6,Jack,Jackson,7/5/75,***-***-4734,NY
88,Roberto,Leonard,1/20/92,***-***-8779,MA
161,Michael,Park,6/5/81,***-***-4033,NM
83,Carl,Reeves,12/11/65,***-***-8325,LA
254,Paul,Lee,7/22/76,***-***-7697,IN
464,Kathryn,Ramirez,8/4/60,***-***-0099,OH
284,Daniel,Medina,10/31/73,***-***-8215,MS
25,Jesse,Gomez,1/30/61,***-***-3664,SC
218,Brandon,Good,8/1/91,***-***-5586,VA
99,Sandra,Suarez,6/8/74,***-***-7890,GA
356,Jeffrey,Stevenson,12/7/57,***-***-3851,CT
317,Richard,Mcdonald,2/21/57,***-***-8008,ND
229,Joanna,Castillo,3/7/84,***-***-1576,IN
581,Angelica,Reyes,6/6/92,***-***-7139,AR
452,Jennifer,Wright,3/6/76,***-***-3901,NM
518,James,Porter,6/30/57,***-***-1319,CA
479,Krystal,Brown,1/31/61,***-***-8909,TX
245,Christopher,Reyes,2/1/81,***-***-4713,IN
653,Luis,Lewis,7/18/65,***-***-3601,HI
19,Lynn,Owens,3/24/85,***-***-8776,RI
650,Anthony,Phillips,12/12/60,***-***-3754,NJ
137,Jessica,Mcdonald,12/29/70,***-***-2911,MS
619,Michelle,Allen,9/13/72,***-***-8147,TN
654,Victor,Webb,1/17/59,***-***-2267,TN
201,Martin,Melton,4/6/72,***-***-7978,NY
165,Pamela,Miles,11/15/62,***-***-5312,NC
310,Christopher,Compton,9/5/58,***-***-6855,SC
141,Annette,Rice,3/15/59,***-***-1866,FL
600,Travis,Meza,1/10/74,***-***-4313,NJ
529,Brian,Baker,7/28/76,***-***-2839,IL
369,Sharon,Lee,10/23/67,***-***-7596,DE
32,Brian,Sparks,2/14/67,***-***-8194,HI
522,Dana,Ryan,10/10/62,***-***-3761,VA
651,Maria,Stevens,5/12/58,***-***-9113,CA
608,Julia,Berry,6/17/60,***-***-3759,NH
336,Sarah,Williams,9/12/64,***-***-3882,IA
516,Trevor,Short,7/29/80,***-***-2488,ND
514,Michael,Johnson,4/11/62,***-***-6015,ME
426,Louis,Cross,11/13/59,***-***-7111,CO
497,Ryan,Smith,4/24/64,***-***-2228,OK
468,Joan,Carter,1/6/64,***-***-8092,KY
24,Karen,Franklin,6/17/67,***-***-4888,VT
221,Christian,Palmer,4/30/92,***-***-6104,AL
217,Kristopher,Smith,10/20/82,***-***-3545,HI
399,Cheryl,Velez,7/21/63,***-***-3300,TN
285,Jeffrey,Harris,12/20/93,***-***-9625,MS
21,Jamie,Doyle,6/11/84,***-***-1529,NV
447,Adam,Sims,12/20/73,***-***-6337,ID
601,Joshua,Griffith,8/1/84,***-***-3344,HI
378,Donald,Koch,10/2/89,***-***-5788,CT
548,Wendy,Leonard,3/18/57,***-***-7962,HI
42,Dana,Hubbard,8/6/80,***-***-4700,FL
344,Brett,Carson,2/27/70,***-***-5338,OK
252,Erica,Peters,11/5/80,***-***-0341,SC
428,William,Carter,1/31/89,***-***-1954,VT
220,Karen,Taylor,1/29/86,***-***-6243,AZ
118,Virginia,Cobb,12/4/78,***-***-9307,MI
618,Tamara,Watson,8/18/68,***-***-6329,NJ
370,John,Middleton,7/24/83,***-***-7354,OR
23,Alex,Cruz,12/23/64,***-***-4744,CT
511,Theresa,Crawford,1/8/73,***-***-9276,IL
43,Glenn,Chavez,11/29/70,***-***-5246,NE
311,Carrie,Davis,7/16/63,***-***-7399,WI
136,Michael,Haynes,9/13/74,***-***-3346,NE
72,Michele,Arellano,4/12/81,***-***-5875,IN
65,Gina,Stevens,4/5/92,***-***-2359,PA
577,Elizabeth,Hatfield,4/7/59,***-***-7821,NM
35,Michael,Reyes,7/21/58,***-***-1842,FL
296,Spencer,Wilson,9/18/59,***-***-7753,IN
578,Kevin,Smith,8/26/92,***-***-8582,IN
98,Steven,Giles,11/19/80,***-***-2061,VA
569,Mario,Butler,5/3/79,***-***-3035,MA
248,Billy,Romero,1/29/58,***-***-3100,VT
433,Katie,Miller,7/9/70,***-***-7579,MA
307,William,Salinas,4/24/83,***-***-6013,MO
398,Kendra,Alvarado,10/7/57,***-***-0633,CA
60,Kimberly,Wright,3/20/79,***-***-9022,OH
282,Judy,Nelson,10/17/68,***-***-2012,NV
436,Alexandra,Golden,4/8/78,***-***-3418,ND
318,Patricia,Park,7/28/65,***-***-5775,CO
494,Kylie,Chavez,1/10/65,***-***-3816,CT
644,Randy,Edwards,6/29/80,***-***-9087,OR
413,Glenda,Hebert,5/18/87,***-***-7625,NY
345,Erin,Garrett,4/29/80,***-***-5815,SD
123,Donna,Floyd,3/30/57,***-***-1819,SD
208,Brandon,Watson,2/12/74,***-***-3375,PA
346,Paul,Patterson,2/22/85,***-***-4729,PA
385,Hannah,Henderson,12/21/60,***-***-5897,PA
454,Autumn,Smith,7/24/74,***-***-7279,CA
209,Steven,Contreras,5/31/86,***-***-6852,DE
271,Miguel,Russell,9/25/86,***-***-0302,UT
152,Kim,Martin,8/3/64,***-***-3452,SC
283,Heidi,Proctor,1/31/93,***-***-9545,OH
592,Nicholas,May,6/19/76,***-***-8728,KS
469,Michael,Nunez,6/22/82,***-***-9379,WV
306,Gregory,Bowen,7/5/81,***-***-1510,OH
237,Jennifer,Juarez,6/30/69,***-***-9009,OK
457,April,Williamson,10/25/90,***-***-8318,KS
293,Francisco,Smith,8/12/72,***-***-1836,ND
374,Roger,Taylor,11/2/75,***-***-6293,GA
276,Gabriela,Williams,1/10/76,***-***-5792,AZ
112,Stephanie,Pittman,12/5/65,***-***-0840,MD
333,Sarah,Porter,8/9/62,***-***-3997,AZ
546,Ernest,Cooper,9/24/71,***-***-2003,NJ
496,Alexandra,Fisher,3/6/76,***-***-2206,AK
504,Henry,Turner,11/20/84,***-***-7954,OK
126,Charles,Rogers,8/31/84,***-***-8407,NV
418,Keith,Lynch,2/26/88,***-***-4803,IA
566,Lindsay,Bowman,8/24/72,***-***-8895,AL
249,Jennifer,Lutz,7/5/90,***-***-2943,RI
624,Mark,Mills,11/20/62,***-***-7406,AR
358,Dawn,Thomas,8/5/60,***-***-0942,NC
197,Keith,Tyler,5/10/75,***-***-7953,MO
538,Joseph,Smith,3/12/60,***-***-3836,LA
164,Michael,Dudley,3/10/66,***-***-3459,SD
450,Blake,Bowman,1/17/61,***-***-8076,ND
602,Amy,Graves,8/22/94,***-***-9448,SC
239,Robert,Hill,10/3/68,***-***-8902,AR
627,Robert,Davis,8/13/88,***-***-5405,MD
459,Tammy,Horton,3/6/81,***-***-0677,RI
394,Allison,Watkins,3/27/92,***-***-1605,NV
554,James,Mathis,11/29/89,***-***-3276,IA
90,Sabrina,Shelton,2/3/58,***-***-2668,ID
364,Rachel,Coleman,10/26/83,***-***-7638,SD
574,William,Cantrell,8/17/73,***-***-4706,CA
607,Donna,Carroll,9/16/68,***-***-9127,MA
157,Tammy,Harris,1/26/61,***-***-8283,OH
241,Debra,Pena,10/16/57,***-***-9872,MN
558,James,Reilly,3/1/57,***-***-7935,SD
324,Robert,Krause,3/11/57,***-***-5246,NM
183,Chad,Crawford,11/5/90,***-***-0638,IL
381,Luke,Huerta,1/5/86,***-***-5912,MI
505,Corey,Long,9/6/78,***-***-9787,MO
437,Joshua,Flores,10/30/87,***-***-5727,NE
135,Jeffery,Collins,6/1/93,***-***-4791,KY
27,Michael,Clements,1/3/94,***-***-6223,NC
48,Christopher,Williams,2/23/77,***-***-6535,HI
286,Laura,Mata,10/22/66,***-***-5794,AL
308,Jessica,Campbell,9/16/68,***-***-2121,FL
163,Kristy,Hebert,11/12/73,***-***-9892,WA
275,Rachel,Silva,11/19/74,***-***-3474,ND
521,Tyrone,Dean,1/31/86,***-***-5932,VA
53,Angela,White,2/17/63,***-***-2921,ME
539,Teresa,Bell,5/12/75,***-***-1580,IN
482,Edwin,Williams,7/27/81,***-***-6206,PA
342,Hannah,Hicks,6/5/78,***-***-9383,LA
150,Kevin,Rivera,3/14/94,***-***-8418,DE
448,Trevor,Jones,7/28/59,***-***-5747,OR
604,Emily,Silva,4/24/89,***-***-5242,MN
154,Emma,Thomas,2/25/60,***-***-2668,ND
591,Lisa,Myers,7/22/80,***-***-7446,WI
196,Jennifer,King,2/4/75,***-***-2581,MD
507,Dylan,Walker,11/1/71,***-***-4143,GA
409,Andrea,Snyder,7/10/81,***-***-3882,KY
629,Samuel,Lane,2/9/92,***-***-2267,OK
305,Jennifer,Cameron,5/16/62,***-***-7541,OR
297,Rodney,Cross,6/14/85,***-***-4949,NE
133,Dustin,Brown,12/18/90,***-***-3364,OR
125,Krista,Mack,9/30/69,***-***-0563,SD
106,Luis,Ruiz,2/1/77,***-***-4894,NV
335,Cassandra,Johnson,12/1/91,***-***-0203,AL
648,Ruth,Nichols,7/21/90,***-***-7608,NE
332,Pamela,Dean,8/15/87,***-***-3302,CT
175,Beth,Lee,12/8/61,***-***-1371,MN
104,Christopher,Martin,4/26/77,***-***-9812,WY
314,Amanda,Johnson,9/3/74,***-***-7153,MA
551,Joseph,Barnett,10/24/59,***-***-1644,OR
124,Maria,Burns,11/24/79,***-***-9488,WV
8,Kevin,Riley,9/5/62,***-***-5605,WV
251,Brian,Reyes,7/15/62,***-***-0510,WV
643,Jeffrey,Robinson,6/21/58,***-***-6490,MO
238,David,Gardner,9/5/61,***-***-8396,FL
303,Tracey,Downs,2/28/74,***-***-4596,NM
519,Cody,Ramirez,10/15/82,***-***-7950,LA
178,Heather,Gray,5/9/81,***-***-6848,KS
458,Erika,Lewis,2/15/60,***-***-9111,CO
207,Ronald,Maynard,11/22/78,***-***-9020,KY
598,Ashley,Saunders,6/11/91,***-***-5309,GA
352,Paul,Kaufman,11/2/78,***-***-0964,IA
645,Nathan,Rosario,6/15/64,***-***-5027,NY
146,Melissa,Nguyen,10/6/78,***-***-1193,MN
51,Mitchell,Gill,7/27/89,***-***-7598,KY
512,Michael,Shaw,4/18/77,***-***-8249,OR
467,Crystal,Jones,12/20/72,***-***-8160,MD
179,Jasmine,Harrison,12/4/57,***-***-0602,WV
54,Chase,Grant,5/4/85,***-***-1229,KS
570,Shawn,Kidd,4/10/61,***-***-4240,MN
527,Chris,Robinson,1/24/70,***-***-1013,SC
288,Carla,Smith,5/5/69,***-***-6182,AL
382,Kimberly,Burns,1/30/85,***-***-5610,CA
408,Lori,Sullivan,10/5/92,***-***-4062,NY
147,Jennifer,Williams,2/25/94,***-***-7025,ME
198,John,Lamb,3/9/86,***-***-1494,CO
194,Joanne,Lamb,6/28/74,***-***-6922,LA
206,David,Brown,12/27/78,***-***-4274,DE
76,Scott,Leach,4/3/85,***-***-5144,AR
432,Andrew,Tyler,4/8/70,***-***-3511,IA